{
  "soulprint_summary": {
    "primary_strength": "systematic thinking and execution",
    "main_friction": "decision complexity and overwhelm",
    "optimization_priority": "systematic_optimization",
    "decision_style": "balanced"
  },
  "detailed_analysis": {
    "patterns": {
      "loop_patterns": "Sequential, systematic thinker who processes information by breaking complex problems into structured, manageable components. Prefers linear progression through well-defined frameworks rather than intuitive leaps.",
      "friction_points": "Decision paralysis when faced with too many options, overthinking without clear frameworks, disorganization and ambiguous processes, unstructured collaboration without defined roles.",
      "personal_strengths": "Exceptional at systematic problem decomposition, creating step-by-step solutions, building effective processes and frameworks, leading through example and system creation.",
      "decision_style": "Heavily analytical - requires frameworks, data, and structured approaches. Seeks to minimize uncertainty through systematic analysis before action.",
      "energy_rhythms": "Peak performance in morning hours with high energy for deep focus work. Energized by visible progress and systematic improvements over time.",
      "relationship_dynamics": "Prefers independent work with structured collaboration. Values clear role definition and systematic team processes. Leads by creating enabling systems rather than direct authority.",
      "growth_areas": "Developing faster decision-making capabilities, reducing analysis paralysis, creating better decision frameworks, minimizing mental overhead from routine choices."
    },
    "dominant_traits": [
      "Systems-oriented processor who thrives on structure and frameworks",
      "Analytical decision-maker prone to overthinking without clear parameters",
      "Natural problem decomposer with strong systematic thinking abilities",
      "Morning-peak performer energized by measurable progress",
      "Independent worker who values structured collaboration"
    ],
    "optimization_opportunities": [
      "Develop time-boxed decision frameworks to combat analysis paralysis",
      "Create pre-built decision trees for common choice scenarios",
      "Implement morning-focused deep work blocks for complex problem-solving",
      "Build systematic collaboration templates for team interactions",
      "Design progress tracking systems that provide regular energy boosts"
    ],
    "decision_framework": "Requires structured, analytical approach with clear criteria and frameworks. Benefits from predetermined decision matrices, time constraints, and systematic evaluation processes to prevent overthinking.",
    "energy_profile": "Morning-dominant with sustained energy from systematic progress. Performs best with deep focus blocks on meaningful projects, clear systems reducing cognitive load, and visible improvement metrics."
  },
  "project_metadata": {
    "project_name": "SystemOS_Optimizer",
    "user_type": "content",
    "primary_strength": "systematic thinking and execution",
    "main_friction": "decision complexity and overwhelm",
    "decision_style": "balanced",
    "optimization_priority": "systematic_optimization",
    "implementation_approach": "balanced_approach"
  },
  "generated_timestamp": "2025-07-13T20:56:55.879999"
}