{
  "user_interface_settings": {
    "optimization_priority": "systematic_optimization",
    "primary_dashboard": "daily_routine",
    "color_theme": "professional",
    "notification_frequency": "daily"
  },
  "personalization": {
    "primary_strength": "systematic thinking and execution",
    "main_friction": "decision complexity and overwhelm",
    "decision_style": "balanced",
    "implementation_approach": "balanced_approach"
  },
  "feature_toggles": {
    "daily_routine": true,
    "progress_tracking": true,
    "reflection_prompts": true,
    "soulprint_insights": true
  }
}