{
  "soulprint_summary": {
    "primary_strength": "systematic thinking and execution",
    "main_friction": "decision complexity and overwhelm",
    "optimization_priority": "systematic_optimization",
    "decision_style": "balanced"
  },
  "detailed_analysis": {
    "LOOP PATTERNS": {
      "pattern": "Works best with clear systems and processes",
      "evidence": "Response 1: I think I work best when I have clear systems and processes in place.",
      "optimization": "Create detailed processes and systems for tasks to increase efficiency and reduce frustration."
    },
    "FRICTION POINTS": {
      "pattern": "Decision paralysis with too many options",
      "evidence": "Response 2: My biggest challenge is probably decision paralysis when I have too many options.",
      "optimization": "Implement decision-making frameworks to streamline choices and reduce overthinking."
    },
    "PERSONAL STRENGTHS": {
      "pattern": "Good at breaking down complex problems into manageable pieces",
      "evidence": "Response 3: I'm really good at breaking down complex problems into manageable pieces.",
      "optimization": "Continue leveraging this strength to tackle challenging tasks effectively."
    },
    "DECISION STYLE": {
      "pattern": "Prefers analytical decision-making",
      "evidence": "Response 8: I want to develop better decision-making frameworks so I can move faster without sacrificing quality.",
      "optimization": "Focus on developing analytical decision-making frameworks to improve speed and quality of decisions."
    },
    "ENERGY RHYTHMS": {
      "pattern": "Most productive in the morning",
      "evidence": "Response 5: I'm most productive in the morning when my energy is high and I can focus deeply on important tasks.",
      "optimization": "Schedule important tasks requiring deep focus in the morning to maximize productivity."
    },
    "RELATIONSHIP DYNAMICS": {
      "pattern": "Prefers independent work but values structured collaboration",
      "evidence": "Response 4: I prefer to work independently but I also value collaboration when it's well-structured and everyone knows their role.",
      "optimization": "Establish clear roles and structures for collaborative projects to balance independence and teamwork."
    },
    "GROWTH AREAS": {
      "pattern": "Desires better decision-making frameworks",
      "evidence": "Response 10: I'd love to have systems that help me make better decisions faster and reduce the mental overhead of daily choices.",
      "optimization": "Focus on developing and implementing decision-making systems to enhance efficiency and reduce mental load."
    }
  },
  "project_metadata": {
    "project_name": "SystemOS_Optimizer",
    "user_type": "content",
    "primary_strength": "systematic thinking and execution",
    "main_friction": "decision complexity and overwhelm",
    "decision_style": "balanced",
    "optimization_priority": "systematic_optimization",
    "implementation_approach": "balanced_approach"
  },
  "generated_timestamp": "2025-07-13T20:35:03.337209"
}