{
  "project_metadata": {
    "project_name": "SystemOS_Optimizer",
    "user_type": "content",
    "primary_strength": "systematic thinking and execution",
    "main_friction": "decision complexity and overwhelm",
    "decision_style": "balanced",
    "optimization_priority": "systematic_optimization",
    "implementation_approach": "balanced_approach"
  },
  "soulprint_summary": "Systematic System Optimizer",
  "implementation_guide": [
    "1. Focus on systematic optimization as your primary optimization area",
    "2. Leverage your strength in systematic thinking and execution",
    "3. Address friction point: decision complexity and overwhelm",
    "4. Implement daily optimization routine and tracking",
    "5. Review and refine systems weekly based on data and patterns"
  ],
  "generated_timestamp": "2025-07-13T20:55:09.086509"
}