{
  "soulprint_summary": {
    "primary_strength": "systematic thinking and execution",
    "main_friction": "decision complexity and overwhelm",
    "optimization_priority": "systematic_optimization",
    "decision_style": "balanced"
  },
  "detailed_analysis": {
    "patterns": {
      "loop_patterns": "Sequential, systematic thinker who processes information by breaking complex problems into structured, manageable components. Prefers linear progression through well-defined frameworks rather than intuitive leaps.",
      "friction_points": "Decision paralysis when faced with too many options, analysis paralysis from overthinking, disorganization and lack of clear frameworks, unstructured collaboration without defined roles",
      "personal_strengths": "Exceptional at systematic problem decomposition, creating step-by-step solutions, building effective processes and frameworks, leading through example and system creation",
      "decision_style": "Heavily analytical with strong preference for framework-based decision making. Seeks to reduce intuitive decisions by creating systematic approaches and clear criteria.",
      "energy_rhythms": "Peak performance in morning hours with high energy for deep focus work. Sustained energy comes from visible progress on meaningful projects and systematic improvements.",
      "relationship_dynamics": "Independent worker who values structured collaboration. Prefers clear role definitions and systematic team processes. Leads by creating enabling systems rather than direct management.",
      "growth_areas": "Developing faster decision-making frameworks, reducing analysis paralysis, creating systems to minimize daily decision overhead, balancing thoroughness with speed"
    },
    "dominant_traits": [
      "Systems-oriented thinker who creates frameworks for efficiency",
      "Analytical processor prone to overthinking and analysis paralysis",
      "Independent worker who values structured collaboration",
      "Morning-peak performer energized by systematic progress",
      "Framework-dependent decision maker seeking speed improvements"
    ],
    "optimization_opportunities": [
      "Develop time-boxed decision frameworks to combat analysis paralysis",
      "Create pre-built decision trees for common choices to reduce mental overhead",
      "Implement morning-focused work scheduling for high-impact tasks",
      "Build systematic collaboration templates for team interactions",
      "Design progress tracking systems to maintain motivation through visible improvements"
    ],
    "decision_framework": "Prefers structured, criteria-based decision making with clear frameworks. Needs systematic approaches to reduce option overwhelm and speed up choices while maintaining quality standards.",
    "energy_profile": "Morning-optimized performer who thrives on deep focus work during peak energy hours. Sustained motivation comes from systematic progress on meaningful projects with visible improvements over time."
  },
  "project_metadata": {
    "project_name": "SystemOS_Optimizer",
    "user_type": "content",
    "primary_strength": "systematic thinking and execution",
    "main_friction": "decision complexity and overwhelm",
    "decision_style": "balanced",
    "optimization_priority": "systematic_optimization",
    "implementation_approach": "balanced_approach"
  },
  "generated_timestamp": "2025-07-13T20:55:09.078623"
}